Parasites,Clone,Infection,Treatment,Sample Size,b_mx,b_Fx,r_mx,r_Fx,d,mean_arithmetic_fecundity,mean_age_first_reproduction,Std.error_b_mx,Std.error_b_Fx,Std.error_r_mx,Std.error_r_Fx,Std.error_d,Std.error_mean_arithmetic_fecundity,Std.error_mean_age_first_reproduction
Uninfected,Mid37,Uninfected,1,39,0.095328125,0.10392188,0.093046875,0.10164063,0.00228125,0.23776787,15.675676,0.008576665,0.009884718,0.008763127,0.010079332,0.001616324,0.031668296,0.58098795
Metsch,Mid37,Exposed,2,53,0.071927734,0.07225,0.059365234,0.0596875,0.0125625,0.39726552,18.076923,0.005414093,0.006530362,0.006627149,0.007787869,0.003282206,0.17679598,0.59288529
Metsch,Mid37,Infected,3,10,0.15429297,0.17048438,0.11060547,0.12679688,0.0436875,2.2524594,11.888889,0.015869734,0.017488861,0.01148307,0.013073493,0.005578771,0.78669477,0.58986307
Uninfected,Standard,Uninfected,4,42,0.15772852,0.17430078,0.15454102,0.17111328,0.0031875,1.0133195,13.390244,0.004246693,0.005347812,0.004560447,0.005650211,0.001883393,0.1911987,0.38228727
Metsch,Standard,Exposed,5,35,0.14093945,0.15116406,0.12106445,0.13128906,0.019875,0.7594479,13.931034,0.004114388,0.00511113,0.006616015,0.007630783,0.004685072,0.21048065,0.43142178
Metsch,Standard,Infected,6,18,0.19514453,0.21801563,0.15095703,0.17382813,0.0441875,1.5808447,12,0.009686853,0.011089499,0.006776293,0.00825013,0.004370402,0.51422415,0.4649192
